,author_id,created_at,id,text,lang
0,922122406247923712,2022-08-24T18:52:30.000Z,1562513194962194438,"Hire us to do your
*Project
*Math.
*Essay due
*English
*Paper pay
*Case study
*Quiz
*Do my homework
*Online classes
*Python.
*Philosophy.
*Book review.
Assignment due.
#Pay someone write
#100DaysOfCode
#NodeJS.
#javascript.
#python
#WomenWhoCode

DM",en
1,1368628543022903304,2022-08-24T18:52:16.000Z,1562513134845247492,"We are reliable to offer you A grade in your;
‚úìnursing
‚úìessays
‚úìchemistry
‚úìfinance
‚úìphysics
‚úìbiology
‚úìphysics
‚úìchemistry
‚úìalgebra
‚úìcalculus
#100DaysOfCode
#WomenWhoCode
#javascript
#Python
#Serverless
#Asu #IoT
Hit our Bio for More info:) https://t.co/s0U0dKt8Dj",en
2,841933981809545217,2022-08-24T18:51:54.000Z,1562513045166755840,"Dipak Haldar - Consultant on #Google https://t.co/Qqsjhtabcm 
#business #investing #Digital #technology #innovation #IoT #Data #DataScience #BigData #Flutter #100DaysOfCode #coding #python #VR #javascript #AI #finserv #marketing   #Apple   #BLACKPINK",in
3,1528856711725031425,2022-08-24T18:50:51.000Z,1562512780447850497,"#coding #streamlit #computing #tech #100daysofcode #education #python #computers #digitalmedia 

Introduction to Interactive Dashboard Development with Python Pandas and Streamlit 
 
https://t.co/r4qPqmHz2G",en
4,1349948820163989504,2022-08-24T18:49:17.000Z,1562512386074214407,"Contact me:
https://t.co/eNAKzekAQ4
https://t.co/OmIbSAmQ9F
#JobSeekersSA #Lebanon #Programming #DigitalMarketing #cybersecurity #MachineLearning #100DaysOfCode #Python #Wordpress #flutter #nodejs #javascript #Angular #hiring #developer #php #Swift #Al #PHP #vuejs",en
5,134434122,2022-08-24T18:49:00.000Z,1562512315890556928,"#FEATURED #COURSES

Machine Learning, Data Science and Deep Learning with Python

Complete hands-on #machine #learning tutorial with #data #science, #Tensorflow, #artificial #intelligence, and neural networks

https://t.co/PaHDf3Y7ms

#python #100daysofcode #coding #udemy https://t.co/9GGZLJk4uY",en
6,3727450104,2022-08-24T18:48:43.000Z,1562512243602104321,"Day 13 of #100DaysOfCode 

‚úÖ Completed Python College Assignment from A to Z . 
I only did python today.",en
7,1368628543022903304,2022-08-24T18:48:15.000Z,1562512127662780417,". writert280@gmail.com
We are reliable to offer you A grade in your;
‚úìnursing
‚úìphysics
‚úìbiology
‚úìphysics
‚úìchemistry
‚úìalgebra
‚úìcalculus..
‚úìessay pa

#100DaysOfCode
#WomenWhoCode
#javascript
#Python

Hit our Bio for More info:) https://t.co/2vKSYfxBer",en
8,1524079156811771911,2022-08-24T18:48:12.000Z,1562512114534993921,"We are reliable to offer you A grade in your;
‚úìnursing
‚úìphysics
‚úìbiology
‚úìphysics
‚úìchemistry
‚úìalgebra
‚úìcalculus
‚úìessay pay
‚úìAssignment due

#100DaysOfCode
#WomenWhoCode
#javascript
#Python",en
9,1252977729999429632,2022-08-24T18:46:59.000Z,1562511806312349696,"We are reliable to offer you A grade in your;
‚úìnursing
‚úìphysics
‚úìbiology
‚úìphysics
‚úìchemistry
‚úìalgebra
‚úìcalculus
‚úìessay pay
‚úìAssignment due

#100DaysOfCode
#WomenWhoCode
#javascript
#Python",en
10,1372460665609322498,2022-08-24T18:46:10.000Z,1562511600199745541,"Will write your essay and deliver it on time.
Hire us for:
Exams
Summerclass
Calculus
Nursing
Law
Thesis
Economics
#Essaysdue
Geography
Nursing
Assignments
Programming
Homeworkhelp
Accounting
Essaydue
physics
Paypaper
Python
#JavaScript
#100DaysOfCode

Hit our Bio for More info:) https://t.co/eGrZeV6jxV",en
11,1517926420978229248,2022-08-24T18:46:08.000Z,1562511593044602881,Day 7 of #100DaysOfCode - I've been too busy coding to tweet about coding! Finished my Python course and onto Java now. Here goes! #CodeNewbie ‚ô®Ô∏è,en
12,1252977729999429632,2022-08-24T18:46:03.000Z,1562511573322567681,"Hire us to do your
*Project
*Math.
*Essay due
*English
*Paper pay
*Case study
*Quiz
*Do my homework
*Online classes
*Python.
*Philosophy.
*Book review.
Assignment due.
#Pay someone write
#100DaysOfCode
#NodeJS.
#javascript.
#python
#WomenWhoCode

DM",en
13,1273173749492219905,2022-08-24T18:46:03.000Z,1562511572966117377,"La clef USB Rubber Ducky pour pirater des PC revient
https://t.co/cwBeoSmJLe

#cryptocurrencies #MachineLearning #AI #Python #DeepLearning #100DaysOfCode #fintech #nocode #bitcoin #cybersecurity #cybersecurite #metaverse #NFTs #web3 #Tesla #facebookhacked https://t.co/QTgl4ntnpT",en
14,1561918901277134851,2022-08-24T18:45:44.000Z,1562511494402560001,"Finance + Machine Learning = Wonders üî•

#MachineLearning #Python #100DaysOfCode https://t.co/NPr3MG79Qp",en
15,1368628543022903304,2022-08-24T18:45:11.000Z,1562511355889954818,". writert280@gmail.com
We are reliable to offer you A grade in your;
‚úìnursing
‚úìphysics
‚úìbiology
‚úìphysics
‚úìchemistry
‚úìalgebra
‚úìcalculus..
‚úìessay pay
‚úìAssignment due..

#100DaysOfCode
#WomenWhoCode
#javascript
#Python

Hit our Bio for More info:) https://t.co/2vKSYfxBer",en
16,3982322473,2022-08-24T18:43:16.000Z,1562510872949706760,"Day 13 &amp; 14 of #100DaysOfCode in #Python 
Today i learnt debugging, debugging methods and developed Higher-Lower game in python. https://t.co/vUlcQKpsbW",en
17,1510595765554630661,2022-08-24T18:42:59.000Z,1562510798697533441,"Hi everyone,Day 87 of #100DaysOfCode,#codeHive2022,practiced inheritance once more.Learnt about multiple inheritance as well. Feel free to check the link,https://t.co/t5tbKElDVi also https://t.co/HArXRI01Ru https://t.co/VEw1yvfL21",en
18,1516864685030711297,2022-08-24T18:42:27.000Z,1562510666661269510,Assembly = üí™ #TechTwitter #Code #Coding #Linux #Technology #Programming #FrontEndDeveloper #100DaysOfCode #SoftwareEngineer #Developers #Dev #WebDevelopment #Javascript #Java #Python #Rust #ReactJS #Memes https://t.co/iBFGxJgUzt,en
19,4263007693,2022-08-24T18:42:06.000Z,1562510579289317377,"ML YouTube Courses! #BigData #Analytics #DataScience #AI #MachineLearning #IoT #IIoT #PyTorch #Python #RStats #TensorFlow #Java #JavaScript #ReactJS #GoLang #CloudComputing #Serverless #DataScientist #Linux #Programming #Coding #100DaysofCode   
https://t.co/QqyvoRBn28 https://t.co/l1seEVJ9aR",en
20,1444622333839171586,2022-08-24T18:42:00.000Z,1562510551787266049,"SciPy builds on the NumPy array object and is part of the NumPy stack which includes tools like Matplotlib, pandas and SymPy, and an expanding set of scientific computing libraries.
 #NeuralNetworks #MachineLearning #TensorFlow #100DaysOfCode #BigData #Analytics #DevCommunity https://t.co/cpNcsOAGhH",en
21,1368628543022903304,2022-08-24T18:41:39.000Z,1562510463623372801,". writert280@gmail.com
We are reliable to offer you A grade in your;
‚úìnursing
‚úìphysics
‚úìbiology
‚úìphysics
‚úìchemistry
‚úìalgebra
‚úìcalculus
‚úìessay pay
‚úìAssignment due..

#100DaysOfCode
#WomenWhoCode
#javascript
#Python

Hit our Bio for More info:) https://t.co/2vKSYfxBer",en
22,1528856711725031425,2022-08-24T18:41:31.000Z,1562510432237408256,"https://t.co/U8tJaqsjPb 
 
Python Automation Cookbook: 75 Python automation ideas for web scraping, data wrangling, and processing Excel, reports, emails, and more, 2‚Ä¶

#programming #automation #100daysofcode #programminglanguages #python #coding #dataprocessing",en
23,1557714725814693889,2022-08-24T18:40:24.000Z,1562510149540913152,"Day 6/100:
Topics Covered:
üîπuser def function
üîπwhile

Excercises:
‚úÖReeborg World 
        ‚ñ∂Ô∏èHurdle Challenge (1,2,3,4)

Project: Get Out of the Maze
Check it out: https://t.co/dEGr6JwYWg
üóíÔ∏è‚ùóÔ∏èReminder: Solve exception in project after day 15.
#100DaysOfCode #100daysofpython https://t.co/m7r6DbcW2g",en
24,1243772398270283776,2022-08-24T18:40:11.000Z,1562510094536826881,"Hire us to do your
*Project
*Math.
*Essay due
*English
*Paper pay
*Case study
*Quiz
*Do my homework
*Online classes
*Python.
*Philosophy.
*Book review.
Assignment due.
#Pay someone write
#100DaysOfCode
#NodeJS.
#javascript.
#python
#WomenWhoCode

DM @EssayLiteracy",en
25,1457029017304014851,2022-08-24T18:39:41.000Z,1562509968938438656,"Day-02

Worked on some more basic stuff
‚ú® Datatypes
‚ú® Typecasting üëÄ
‚ú® f-strings and string indexing ü§©
‚ú® Arithmetic operators

Projects
üöÄ Tip-calculator
üöÄ BMI-calculator

#100DaysOfCode  #Python",en
26,1408627165436907528,2022-08-24T18:37:24.000Z,1562509394373656576,"Free Udemy Certificate Course- Intermediate Python Immersive Training | Boost your career

https://t.co/ywtOJWimQ6

#Developers #DEVCommunity #CodeNewbies #100DaysofCode #development #udemy #Coding #Programming #AWS #technology #DataScience #IOT #Javascript #BigData #TensorFlow",en
27,1368628543022903304,2022-08-24T18:37:23.000Z,1562509392121319424,". writert280@gmail.com
We are reliable to offer you A grade in your;
‚úìnursing
‚úìphysics
‚úìbiology
‚úìphysics
‚úìchemistry
‚úìalgebra
‚úìcalculus
‚úìessay pay
‚úìAssignment due

#100DaysOfCode
#WomenWhoCode
#javascript
#Python

Hit our Bio for More info:) https://t.co/2vKSYfxBer",en
28,1398473814317613062,2022-08-24T18:36:55.000Z,1562509274676600833,"UV light app link;
https://t.co/iEv32z2nRw
#debat #PSVRAN #motievanwantrouwen #vunzigewoensdag #Coldplay  #fintech #ESG #SDGs #insurtech #finserv #marketing #neobanks #payments #100DaysOfCode #flutter #Python #JavaScript #coding #Metaverse #Django 
 #NFT #blockchain #AI #GovTech",en
29,1408627165436907528,2022-08-24T18:36:38.000Z,1562509202769477632,"Free Udemy Certificate Course- Python Certification Exam PCEP-30-01/PCEP-30-02 Preparation

https://t.co/p2JRJcwfJw

#Developers #DEVCommunity #CodeNewbies #100DaysofCode #development #udemy #Coding #Programming #AWS #technology #DataScience #IOT #Javascript #BigData #TensorFlow",fr
30,1402185900247953410,2022-08-24T18:36:19.000Z,1562509120926023681,"Do you if have any assignment due? DM @Academictutor20 

#payessay
#EssayHelp
#Essaydue 
#payhomework
#paysomeone
#payresearch
#paypaper due
#paydiscussion
#paycasestudy 
#Essaypay
#onlineclass 
#paystatistics
#python 
#100DaysOfCode
#WomenWhoCode
#NodeJS #IoT #javascript #code",en
31,1398473814317613062,2022-08-24T18:36:08.000Z,1562509077376163841,"Qibla finder compass app link;
https://t.co/U0k5NM9z2f 
#debat #PSVRAN #motievanwantrouwen #vunzigewoensdag #Coldplay  #fintech #ESG #SDGs #insurtech #finserv #marketing #neobanks #payments #100DaysOfCode #flutter #Python #JavaScript #coding #Metaverse #Django 
 #NFT #blockchain",en
32,1562095698648084480,2022-08-24T18:36:08.000Z,1562509076315062272,"Day 2/100, I started learning python at https://t.co/MDAdIlhNQe, also completed the part 1 of the introduction to python section in this course today. #100DaysOfCode #CodeNewbies #Python  #LearnToCode",en
33,1408627165436907528,2022-08-24T18:35:55.000Z,1562509023429423105,"Free Udemy Certificate Course- The Python Programming Comprehensive Bootcamp

https://t.co/v6mq9o7Vm2

#Developers #DEVCommunity #CodeNewbies #100DaysofCode #development #udemy #Coding #Programming #AWS #technology #DataScience #IOT #Javascript #BigData #TensorFlow",en
34,1513152222238068749,2022-08-24T18:35:47.000Z,1562508989815894019,"Day 46/100-I thought it would be difficult at first,but when I did it again,it was so simple to implement models and run them in the browser to see them display as expected and understand it much better.
#python
#Django 
#Digitalwallet
#100DaysOfCode 
#codeHive2022
#WomenWhoCode https://t.co/gPdEOgyCEk",en
35,1398473814317613062,2022-08-24T18:35:18.000Z,1562508865807065091,"Age Calculator app link;
https://t.co/gZE31lvbBR
#debat #PSVRAN #motievanwantrouwen #vunzigewoensdag #Coldplay #fintech #ESG #SDGs #insurtech #finserv #marketing #neobanks #payments #100DaysOfCode #flutter #Python #JavaScript #coding #Metaverse #Django
 #NFT #blockchain #AI",en
36,1554394924929454081,2022-08-24T18:34:58.000Z,1562508783032889345,"Why is My Search Engine Yahoo? https://t.co/Falm6ZPC6z 

#MachineLearning #DataScience #Python #AI #100DaysOfCode #IoT #flutter #javascript #Serverless #CyberSecurity #getpvaaccount #tech #DDoS #DeepLearning #fintech #COVID19 #data #RPA #IIoT #5G",en
37,1529052664251678721,2022-08-24T18:34:22.000Z,1562508630230183937,"Here is a simple post on how to create and manage a virtualenv in #python
Let me know what do you think and ask me if you need help! 
https://t.co/Cij5AwMIIX

#programming #developer #virtualenv #blog #Blogs #100DaysOfCode #100daysofcodechallenge #learning #tutorial",en
38,909688467541684224,2022-08-24T18:33:18.000Z,1562508363815997443,"DM us now and get As
#Chemistry
#Physics
#nursing
#Homework
#Onlineclass
#Discussions
#paper
#Resumes
#javascript
#calculus
#someonehelp
#Python
#thesis
#essaysdue
#100DaysOfCode
#payfinal
#powerpoint
#Assignments 
DM 
@essay_writer1 
WhatsApp +1 (256) 649-9989",en
39,909688467541684224,2022-08-24T18:33:13.000Z,1562508341225881600,"Do you need help in
#python
#homeworkdue 
#chemistry
#Onlineclass
#Essaypay
#Statistics
#homework
#essaywrite
#Essayhelp
Casestudy
#Javascript
#Maths 
#Philosophy
#homeworkslave
#100DaysOfCode
#WomenWhoCode
#NodeJS
#DEVCommunity 
WhatsApp +1 (256) 649-9989
dm @essay_writer1",en
40,134434122,2022-08-24T18:33:03.000Z,1562508301103144962,"100 Days of Code: The Complete #Python Pro #Bootcamp for 2022

Master #Python by building 100 projects in 100 days. Learn data science, automation, build websites, games and apps!

https://t.co/2rhmVBfiFz

#udemy #online #courses #onlinecourses #100daysofcode #womenwhocode https://t.co/D8Nfz5pPl5",en
41,1559627352837169156,2022-08-24T18:32:59.000Z,1562508282748862464,"#Webdev courses at $9,99usd | 9,90‚Ç¨ - Join Now!
üëá
https://t.co/2CJJmIspvG

#Metaverse #SQL #javascript #github #git #Web3 #DevOps #developer #DataScience #ArtificialIntelligence #IoT #Python #TensorFlow #Java #ReactJS #Angular #Linux #Programming #Coding #100DaysOfCode https://t.co/U6OX7uoDAm",en
42,3430936514,2022-08-24T18:32:52.000Z,1562508254285991936,"Hoy me un√≠ al curso de Udemy 100 dias de c√≥digo #Python. 
#100daysofcodechallenge  #100DaysOfCode https://t.co/KjEzMPoIml",es
43,1398473814317613062,2022-08-24T18:32:51.000Z,1562508251983294464,"Magnetic radiation detector. App link:-
https://t.co/kxHihpNyrY
#debat #PSVRAN #motievanwantrouwen #vunzigewoensdag #Coldplay #fintech #ESG #SDGs #insurtech #finserv #marketing #neobanks #payments #100DaysOfCode #flutter #Python #JavaScript #coding #Metaverse #Django 
 #NFT",en
44,909688467541684224,2022-08-24T18:32:51.000Z,1562508250742165504,"Are you stuck with homework?? Please reach me out
pay assignment
pay essay
research paper
pay history
pay biology
do project
do chemistry
someone write
essay pay
Mathematics
#Econometrics
#100DaysOfCode
#Python
#NodeJS
#programming 
#javascript 
WhatsApp +1 (256) 649-9989",en
45,1408627165436907528,2022-08-24T18:32:11.000Z,1562508080726016000,"Free Udemy Certificate Courses

Here: https://t.co/S9f2Qxe91r

#100DaysOfCode #Python #azure #MachineLearning #DataScience #CodeNewbies #cybersecurity #webdevelopment #Webdesigner #html #javascript #SEO #tech #Developers #DigitalMarketing #webdesign #DEVCommunity #technology #SQL",en
46,3059710686,2022-08-24T18:31:19.000Z,1562507862915846144,"Free Udemy Certificate Courses

https://t.co/4GWTF8IoNx

#100DaysOfCode #Python #azure #MachineLearning #DataScience #CodeNewbies #cybersecurity #webdevelopment #Webdesigner #html #javascript #SEO #tech #Developers #DigitalMarketing #webdesign #DEVCommunity #technology #SQL",en
47,1389178593025183746,2022-08-24T18:31:17.000Z,1562507856984674306,"UV light app link;
https://t.co/8T8ap2670L
#Desesperada #AI #MachineLearning #DataScience #Analytics #Robotics #innovation #Python #Flutter #TensorFlow #JavaScript #NLP #marketing #coding #NodeJS #TechForGood #100DaysofCode #Digital  #javascript #TensorFlow #Robotics",en
48,1359734793596903427,2022-08-24T18:31:01.000Z,1562507790572142592,"#ArtificialIntelligence (AI) in #Manufacturing .
https://t.co/WC2YIQlEKP 
 #AI #DigitalTransformation #BigData #Analytics #DataScience #PyTorch #Python #TensorFlow #ReactJS #CloudComputing #DataScientist #Linux #100DaysofCode #ArtificiallIntelligence #DEVCommunity #RPA https://t.co/75KKJ3yqIS",hi
49,909688467541684224,2022-08-24T18:30:39.000Z,1562507696347029506,"Quality is our priority
pay essay
research paper
pay biology
Homework due
do chemistry
Mathematics
pay term paper
hw due
pay online class
#100DaysOfCode #WomenWhoCode #NodeJS #IoT #Python #javascript #Econometrics #webdev #code 
WhatsApp +1 (256) 649-9989 https://t.co/FBUAgG7W5b",en
50,1519045274651754496,2022-08-24T18:30:14.000Z,1562507592848379905,"Check out my Gig on Fiverr: I will do 3 modern creative minimalist logo design https://t.co/jRfZ9NX5Hz 
#logo #design #Mufc #HJPatel #blogger #PyTorch #machinelearning #DataScience #Python #TensorFlow #JavaScript #ReactJS #Flutter #CloudComputing  #WomenWhoCode #100DaysOfCode",en
51,1273173749492219905,2022-08-24T18:30:12.000Z,1562507584615370752,"Cybers√©curit√© au CERN : plus de 1 800 personnes sont tomb√©es dans le pi√®ge d‚Äôun faux email
https://t.co/zHc41EqxZD

#cryptocurrencies #MachineLearning #AI #Python #DeepLearning #100DaysOfCode #fintech #nocode #bitcoin #cybersecurity #cybersecurite #metaverse #NFTs #facebookhacked https://t.co/uO9YLFOTPk",fr
52,1536355175593811970,2022-08-24T18:30:01.000Z,1562507537907613696,"Day 72‚ö°Ô∏è of #100DaysOfCode 
 
- Any or All :)

@hackerrank

#Python #progarmming #Coding https://t.co/x06xKAFxCv",en
53,1499685033849901056,2022-08-24T18:30:01.000Z,1562507536099528706,"Pay us to do or write your 
#Assignments 
#calculus 
#homework
#Homeworkhelp 
#summerclasses 
#Onlineclass 
#essayhelp 
#Essaydue 
#essaywrite 
#Essays
#Music
#Javascript
#Python
#Programming

#CodeNewbies 
#100daysofcode
#webdevelopment 
#Datascience
Hit our Bio for More info:) https://t.co/4Rih8JnIwj",en
54,1185580415194558464,2022-08-24T18:30:00.000Z,1562507533431869442,"The JavaScript Bible - JavaScript Bootcamp 2022 Courses -&gt; https://t.co/6zfdkdei38

#100DaysOfCode #webdevelopment #javascript #PHP  #Angular #bootstrap #React #vuejs #Laravel #NodeJs #html #CSS #WordPress #Redux #Django #Python #Vuex #udemy #udemycoupon #udemyfree",en
55,1499685033849901056,2022-08-24T18:29:37.000Z,1562507435071643651,"Hello, do you need assistance with your homework??
Biology
Chemistry
Physics
Accounting
Physiology
Pharmacology
Biochemistry
English,
Math
Ecology
Anatomy
Essays
Online classes

#Python #data #AI #CodeNewbies #100DaysOfCode  #programming 
#javascript #Serverless 
Hit our Bio üì© https://t.co/COViM43qGv",en
56,909688467541684224,2022-08-24T18:29:23.000Z,1562507379299606529,"PAPER WRITING SERVICES;
#Assignmentdue
#homework 
#assignment 
#python
#online class
#javascript
#math
#chemistry 
#essayhelp
#100DaysOfCode
#essaypay
#geology
#research paper 
#pay someone write

#WomenWhoCode
#DEVCommunity

DM @essay_writer1
 https://t.co/nrYDQleClw",en
57,909688467541684224,2022-08-24T18:29:16.000Z,1562507348848939008,"Excellency is our top focus 
#Assignmentdue
#homework 
#assignment 
#python
#online class

#javascript
#math
#chemistry 
#essayhelp
#100DaysOfCode
#essaypay
#geology
#research paper
#WomenWhoCode
#DEVCommunity
WhatsApp +1 (256) 649-9989
DM @essay_writer1
 https://t.co/nrYDQleClw",en
58,1553110013945778188,2022-08-24T18:28:52.000Z,1562507249284972544,"Why is My Search Engine Yahoo? https://t.co/m9pSnAxmOb 

#MachineLearning #DataScience #Python #AI #100DaysOfCode #IoT #flutter #javascript #Serverless #CyberSecurity #getpvaaccount #tech #DDoS #DeepLearning #fintech #COVID19 #data #RPA #IIoT #5G #facebookhacked PGA Tour",en
59,1389178593025183746,2022-08-24T18:28:24.000Z,1562507129181073409,"Qibla finder compass app link;
https://t.co/fqoIkNEpyf 
#Desesperada #AI #MachineLearning #DataScience #Analytics #Robotics #innovation #Python #Flutter #TensorFlow #JavaScript #NLP #marketing #coding #NodeJS #TechForGood #100DaysofCode #Digital  #javascript #TensorFlow #Robotics",en
60,1389178593025183746,2022-08-24T18:27:36.000Z,1562506931016589312,"Age Calculator app link;
https://t.co/hIBZyPPYqU
#Desesperada #AI #MachineLearning #DataScience #Analytics #Robotics #innovation #Python #Flutter #TensorFlow #JavaScript #NLP #marketing #coding #NodeJS #TechForGood #100DaysofCode #Digital  #javascript #TensorFlow #Robotics",en
61,1402185900247953410,2022-08-24T18:26:58.000Z,1562506769230106624,"payessay
#paypaper
#researchpaper
#payhistory
#paybiology
#projects
#chemistry
#payhomework
#someonewrite
#payaccounting
#paystatistics
#homeworkdue.
#payonlineclass
#Paymaths
#Programming
#100DaysOfCode
#WomenWhoCode
#NodeJS #IoT #Python #javascript
@Academictutor20",en
62,1389178593025183746,2022-08-24T18:26:54.000Z,1562506751676907522,"Magnetic radiation detector. App link:-
https://t.co/2apMDNOxSR
#Desesperada #AI #MachineLearning #DataScience #Analytics #Robotics #innovation #Python #Flutter #TensorFlow #JavaScript #NLP #marketing #coding #NodeJS #TechForGood #100DaysofCode #Digital  #javascript #TensorFlow",en
63,1551296650316054528,2022-08-24T18:26:34.000Z,1562506667572760576,"#Day4 of #100DaysOfCode 
Read this cute and informative book in a day ~* 
Reading is one thing though: implementing is another ~* #CantWait * #Python #UI #UX #Design #Software #Javascript #SWE #FrontEndDeveloper https://t.co/CwUKcHbY4W",en
64,841933981809545217,2022-08-24T18:26:28.000Z,1562506645485527040,#business #investing #Digital #technology #innovation #IoT #Data #DataScience #BigData #Flutter #100DaysOfCode #coding #python #VR #javascript #AI #finserv #marketing #fintech  #Apple   #BLACKPINK https://t.co/Zo5n1CXRsU,qht
65,287789309,2022-08-24T18:26:08.000Z,1562506561704333313,"Day 39:
Python Data Structure - Stack 
Started 2 question on array 

#100DaysOfCode 
#100daysofcodechallenge #learning 
#Coding #Python 
#pythonprogramming #pythondeveloper #pythonlearning",en
66,841933981809545217,2022-08-24T18:25:30.000Z,1562506401062481921,#business #investing #Digital #technology #innovation #IoT #Data #DataScience #BigData #Flutter #100DaysOfCode #coding #python #VR #javascript #AI #finserv #marketing #fintech  #Apple   #BLACKPINK #CancelStudentDebt #ChampionsLeague #Dugina #ETH #Giveaway https://t.co/94uuhP3DAX,qht
67,1499685033849901056,2022-08-24T18:25:24.000Z,1562506373786509312,"Hello, do you need assistance with your homework??
Biology
Chemistry
Physics
Accounting
Physiology
Pharmacology
Biochemistry
English,
Math
Ecology
Anatomy
Essays
Online classes

#Python #data #AI #CodeNewbies #100DaysOfCode  #programming 
#javascript #Serverless 
Hit our Bio üì© https://t.co/DsJloVZ7UB",en
68,1316653854960869377,2022-08-24T18:25:23.000Z,1562506369676087296,"For the Betterment of mankind ü´°

#TechTwitter #Code #Coding #Linux #Technology #Programming #FrontEndDeveloper #100DaysOfCode #SoftwareEngineer #Developers #Dev #WebDevelopment #Javascript #Java #Python #Rust #ReactJS https://t.co/cBiKQESyu6",en
69,1209147684109598721,2022-08-24T18:24:44.000Z,1562506206752944128,"Will write your essay and deliver it on time.
Hire us for:
Exams
Summerclass
Calculus
Nursing
Law
Thesis
Economics
#Essaysdue
Geography
Nursing
Assignments
Programming
Homeworkhelp
Accounting
Essaydue
physics
Paypaper
Python
#JavaScript
#100DaysOfCode",en
70,1553110013945778188,2022-08-24T18:24:20.000Z,1562506105330483200,"twitter accounts for sale - Buy and Sell bulk accounts.
https://t.co/Hd4zdYf5qE

#MachineLearning #DataScience #Python #AI #100DaysOfCode #IoT #flutter #javascript #Serverless #CyberSecurity #getpvaaccount #tech #DDoS #DeepLearning #fintech #COVID19 #data #RPA #IIoT #5G https://t.co/Nanbb7o752",en
71,1372460665609322498,2022-08-24T18:24:08.000Z,1562506055904423936,"Will write your essay and deliver it on time.
Hire us for:
Exams
Summerclass
Calculus
Nursing
Law
Thesis
Economics
#Essaysdue
Geography
Nursing
Assignments
Programming
Homeworkhelp
Accounting
Essaydue
physics
Paypaper
Python
#JavaScript
#100DaysOfCode

Hit our Bio for More info:) https://t.co/EOupr1xb3M",en
72,841933981809545217,2022-08-24T18:24:07.000Z,1562506054373543939,#business #investing #Digital #technology #innovation #IoT #Data #DataScience #BigData #Flutter #100DaysOfCode #coding #python #VR #javascript #AI #finserv #marketing #fintech  #Apple   #BLACKPINK @heidicham_seo @TataCompanies @TajGibson @TajHotels https://t.co/Zo5n1DeUuU,qme
73,1372460665609322498,2022-08-24T18:23:21.000Z,1562505860781264896,"Will write your essay and deliver it on time.
Hire us for:
Exams
Summerclass
Calculus
Nursing
Law
Thesis
Economics
#Essaysdue
Geography
Nursing
Assignments
Programming
Homeworkhelp
Accounting
Essaydue
physics
Paypaper
Python
#JavaScript
#100DaysOfCode

Hit our Bio for More info:) https://t.co/Cjdywm4kPD",en
74,1533468339468632064,2022-08-24T18:22:35.000Z,1562505665318252544,"day 80 #100DaysOfCode 

pseudocode for creating circle objects. lets see how i can translate this to python

#code #python #terminal #programming https://t.co/MJvObPJocz",en
75,615463144,2022-08-24T18:22:33.000Z,1562505656225378304,"#EDC means Epic Dev Community; With tons of free learning stuff. That would really be a reason to take early retirement now and simply not have to do anything else. ^^

#Unreal5 now supports #Python 3.9 for scripting. 

.
\__
#100DaysOfCode #gamedev #indiegame #UE5 #UE5Study https://t.co/lE3IQOvpKj",en
76,909688467541684224,2022-08-24T18:22:29.000Z,1562505641372950528,"Hello, reach out in case you need help with coursework. 
Weekly assignments 
üìñDiscussions
Online classes 
Research paper
üóÑÔ∏èMidterm and final exam
#essayhelp
#Exams
#100DaysOfCode
#Python
#codinglife
#javascript
#programming 
WhatsApp +1 (256) 649-9989
 https://t.co/tOtuBmrCwb",en
77,909688467541684224,2022-08-24T18:22:06.000Z,1562505544661094401,"secure your A's in; 
English
#essaypay
Maths
#Exams/ tests
Chem
Nursing
#assignment
Economics
#javascript
Algebra
#Hw due 
Psychology
#python
Accounting
Research paper 
 #100DaysOfCode
#Python 
#Coding 
#WomenWhoCode 
#CodeNewbie
dm 
@essay_writer1
 
WhatsApp +1 (256) 649-9989",en
78,909688467541684224,2022-08-24T18:20:52.000Z,1562505235436019712,"secure your A's in; 
English
#essaypay
Maths
#Exams/ tests
Chem
Nursing
#assignment due
Economics
#javascript
Algebra
#Hw due 
Psychology
#python
Accounting
Research paper 
 #100DaysOfCode
#Python 
#Coding 
#WomenWhoCode 
#CodeNewbie
dm 
@essay_writer1
WhatsApp +1 (256) 649-9989",en
79,1469406626599874562,2022-08-24T18:20:47.000Z,1562505212740308994,"Day 50 of #100DaysOfCode 
Project of the day Internet Speed Twitter Bot. It checks my Internet Speed and then tweets it.
#100daysofcodechallenge 
#100daysofpython 
#Python 
#pythonprogramming 
#pythonlearning 
@yu_angela https://t.co/6JyawdgqjT",en
80,1414095643426054145,2022-08-24T18:20:31.000Z,1562505145153634304,"Day 35:
#100DaysOfCode 
#100daysofcodechallenge 
#programming 
#problemSolving 
#challenge 
#Python 
#ÿ™ÿ≠ÿØŸä_ÿ®ÿ±ŸÖÿ¨Ÿä https://t.co/8QwnaI0CGg",und
81,1368628543022903304,2022-08-24T18:20:25.000Z,1562505120603987968,"We are reliable to offer you A grade in your;
‚úìnursing
‚úìessays
‚úìchemistry.
‚úìfinance
‚úìphysics
‚úìbiology
‚úìphysics
‚úìchemistry
‚úìalgebra.
‚úìcalculus.
‚úìessay pay
‚úìAssignment due

#100DaysOfCode
#WomenWhoCode
#javascript
#Python
#Serverless",en
82,1368628543022903304,2022-08-24T18:20:10.000Z,1562505058327351299,"We are reliable to offer you A grade in your;
‚úìnursing
‚úìessays
‚úìchemistry
‚úìfinance
‚úìphysics
‚úìbiology
‚úìphysics
‚úìchemistry
‚úìalgebra.
‚úìcalculus.
‚úìessay pay.
‚úìAssignment due

#100DaysOfCode
#WomenWhoCode
#javascript
#Python
#Serverless",en
83,1368628543022903304,2022-08-24T18:20:01.000Z,1562505022289485824,"We are reliable to offer you A grade in your;
‚úìnursing
‚úìessays
‚úìchemistry
‚úìfinance
‚úìphysics
‚úìbiology
‚úìphysics
‚úìchemistry
‚úìalgebra.
‚úìcalculus.
‚úìessay pay
‚úìAssignment due.

#100DaysOfCode
#WomenWhoCode
#javascript
#Python
#Serverless",en
84,1402185900247953410,2022-08-24T18:19:45.000Z,1562504955490996228,"Hello, kindly send us details of your assignments and be rest assured of good grades
#ESSAYS 
#HW 
#DataScience   
#MATHS
#ACCOUNTS
#FINANCE
#STATS
#WRITING 
#RESEARCH
#NURSING
#HISTORY
#PSYCHOLOGY
#CHEM
#BIOLOGY
#APA_MLA
#PYTHON
#fallsemester
#LAB
#100DaysofCode 
#javascript 
Dm",en
85,1193492005654945792,2022-08-24T18:19:36.000Z,1562504913871319040,"Dipak Haldar - Consultant on #Google https://t.co/tDdV7IfWfP 
#business #investing #Digital #technology #innovation #IoT #Data #DataScience #BigData #Flutter #100DaysOfCode #coding #python #VR #javascript #AI #finserv #marketing #fintech  #Apple",in
86,1559627352837169156,2022-08-24T18:17:51.000Z,1562504475847593984,"Start with your free account today
üëá
https://t.co/t588yXH4Qy

#Metaverse #SQL #javascript #github #git #Web3 #DevOps #developer #DataScience #ArtificialIntelligence #IoT #Python #TensorFlow #Java #ReactJS #Angular #Linux #Programming #Coding #100DaysOfCode https://t.co/HH8eCLQOUM",en
87,1200459115769847809,2022-08-24T18:16:37.000Z,1562504166395654144,"We are reliable to offer you A grade in your;
‚úìnursing
‚úìessays
‚úìchemistry
‚úìfinance
‚úìphysics
‚úìbiology
‚úìphysics
‚úìchemistry
‚úìalgebra.
‚úìcalculus.
‚úìessay pay
‚úìAssignment due

#100DaysOfCode
#WomenWhoCode
#javascript
#Python
#Serverless",en
88,1242871423867047936,2022-08-24T18:16:33.000Z,1562504147437359104,"Day-77/100

üëâDone Vector Embedding today. 
üëâIn machine learning, embedding is a way of representing data as points in n-dimensional space so that similar data points cluster together.

#100DaysOfCode #MachineLearning #100daysofcodechallenge  #Python #DataScience https://t.co/o4JEjO957x",en
89,387698292,2022-08-24T18:16:28.000Z,1562504127913279488,"S #logodesign
Need a logo design!
We make logo design for #Streamer #clothingbrand
üîÄ‚ù§Ô∏è
@SGH_RTs @BlazedRTs
#MachineLearning #DEVCommunity #DataScience #Python #100DaysOfCode #100DaysOfMLCode #Fluttershy #javascript #womenwhocode #twitch #logo #BREAKING #Logodesigner #logomaker https://t.co/ab2fldWqKY",en
90,1546159826308403203,2022-08-24T18:15:17.000Z,1562503829064921090,"We are reliable to offer you A grade in your;
‚úìnursing
‚úìessays
‚úìchemistry
‚úìfinance
‚úìphysics
‚úìbiology
‚úìphysics
‚úìchemistry
‚úìalgebra.
‚úìcalculus.
‚úìessay pay
‚úìAssignment due

#100DaysOfCode
#WomenWhoCode
#javascript
#Python
#Serverless
#Asu
 #IoT
https://t.co/2J70fsm1Mf",en
91,1273173749492219905,2022-08-24T18:15:02.000Z,1562503765621497857,"Why #AI #leaders need a ‚Äòbackbone‚Äô of large #LanguageModels 
https://t.co/amw6XDIC7m

#cryptocurrencies #MachineLearning #AI #Python #DeepLearning #100DaysOfCode #fintech #nocode #bitcoin #cybersecurity #cybersecurite #metaverse #NFTs #web3 #Tesla #facebookhacked https://t.co/K0xkuUucL0",en
92,909688467541684224,2022-08-24T18:15:00.000Z,1562503759418519553,"Hello, kindly send us details of your assignments and be rest assured of good grades
#ESSAYS  
#DataScience   
#MATHS
#ACCOUNTS
#FINANCE
#STATS
#WRITING 
#RESEARCH
#NURSING
#HISTORY
#CHEM
#BIOLOGY
#APA_MLA
#PYTHON
#LAB
#100DaysofCode 
#javascript 
Dm/WhatsApp +1 (256) 649-9989",en
93,836510570,2022-08-24T18:14:47.000Z,1562503702606675968,"#Infographic: Best Practices for #JupyterNotebooks
Via @ingliguori #BigData #Analytics #DataScience #AI #PyTorch #Python #TensorFlow #CloudComputing #DevCommunity #DataScientist #Linux #Programming #DigitalTransformation #MachineLearning #100DaysofCode #ArtificialIntelligence https://t.co/Nu8elzWjIt",en
94,954019054599200768,2022-08-24T18:14:39.000Z,1562503669139902467,"Day 37 of #100DaysOfCode 

finished the Django tutorial and completed the Studybud ( rooms/chat app) by following along. I finally think Django has clicked with me. I'm planning to make beginner-level backend projects with it.

#Python #Django",en
95,1193492005654945792,2022-08-24T18:13:21.000Z,1562503341598703616,#business #investing #Digital #technology #innovation #IoT #Data #DataScience #BigData #Flutter #100DaysOfCode #coding #python #VR #javascript #AI #finserv #marketing #fintech  #Apple   #BLACKPINK @LinkedInMktg @linkedinselling @StateOfLinkedIn https://t.co/DfJD6Og8n2,qme
96,1546592425938161664,2022-08-24T18:13:13.000Z,1562503309050920960,"Buy Tinder PVA Accounts 100% Phone Verified.
https://t.co/ZzjMJg4GV5

#MachineLearning #DataScience #Python #AI #100DaysOfCode #IoT #flutter #javascript #Serverless #CyberSecurity #getpvaaccount #tech #DDoS #DeepLearning #fintech #COVID19 #data #RPA #IIoT #5G  $DOGE  $LUNC https://t.co/RhHss6Tse6",en
97,4374719908,2022-08-24T18:12:43.000Z,1562503184257794049,"üí•16 Technologies Advancing at an Exponentially Increasing Rate!

#AI #MachineLearning #IoT #IoE #Robotics #fintech #blockchain #NFTs #Web3 #Coding #Python #100DaysOfCode 

@SpirosMargaris @PawlowskiMario @gvalan @mvollmer1 @ipfconline1  @Shi4Tech @kalydeoo @Nicochan33 @Xbond49 https://t.co/j5odFeBa1W",en
98,1438668280810680321,2022-08-24T18:12:31.000Z,1562503131786711047,Oracles Data Types  #100DaysOfCode #100daysofcodechallenge #100DaysOfWeb3 #100DaysOfHacking #DataScience #DataSecurity #Data #DataAnalytics #CyberSecurityAwareness #Cybersecurite #cybersecurity #Python #pythonprogramming #pythonlearning #python3 #AI #javascript #Java #Linux https://t.co/IamOzY6YSF,fr
99,1324055140446441472,2022-08-24T18:12:27.000Z,1562503117194678273,"UV light app link;
https://t.co/CCdQ1oCKA3
#Gamescom #Winnetou #ripfdp #GesetzderSchande #Maskenpflicht  #MWC22 #MWC2022 #5G #Connectivity #IoT #Analyics #MachineLearning #Python #Rstats #Reactjs #Linux #Serverless #javascript #Programming #FutureofWork #Coding #100DaysOfCode",en
